Name,Email,Phone
Amit,amit@gmail.com,1234567890
Prachi,prachi@gmail.com,2345678902
Pooja,pooja@gmail.com,1243568790
Arth,arth@gmail.com,7865432190
Alpha,alpha@hotmail.com,2341567890
Beeta,Beeta@yahoo.com,1234567890
Gama,G12@gmail.com,3456789012
